Продавец-кассир (Сочи, Летняя, 11);Пятёрочка;https://sochi.superjob.ru/vakansii/prodavec-kassir-34731120.html;46260;52442;Super Job
Клиентский менеджер (прямых продаж);Сбербанк России;https://kirovsk-spb.superjob.ru/vakansii/klientskij-menedzher-45823855.html;60000;0;Super Job
Врач-невролог;ГБУЗ ЛО «Сертоловская городская больница»;https://sertolovo.superjob.ru/vakansii/vrach-nevrolog-38723989.html;0;0;Super Job
Менеджер по кредитованию;«Почта Банк»;https://staraya-russa.superjob.ru/vakansii/menedzher-po-kreditovaniyu-39914942.html;25000;0;Super Job
Автослесарь по ремонту грузовых автомобилей / автомеханик;Северная столица;https://spb.superjob.ru/vakansii/avtoslesar-po-remontu-gruzovyh-avtomobilej-32540017.html;80000;90000;Super Job
Оператор по продаже банковских продуктов;Тинькофф;https://mezhdurechensk.superjob.ru/vakansii/operator-po-prodazhe-bankovskih-produktov-39482212.html;30000;0;Super Job
Курьер ежедневная оплата;Яндекс;https://kemerovo.superjob.ru/vakansii/kurer-ezhednevnaya-oplata-41539266.html;0;75000;Super Job
Сборщик заказов;Яндекс;https://rnd.superjob.ru/vakansii/sborschik-zakazov-44822661.html;32800;0;Super Job
Почтальон;Почта России;https://mo.superjob.ru/vakansii/pochtalon-37758869.html;14400;17280;Super Job
Геодезист;СИБИТЕК;https://korolev.superjob.ru/vakansii/geodezist-45121029.html;100000;150000;Super Job
Продавец-консультант;МТС Розничная сеть;https://essentuki.superjob.ru/vakansii/prodavec-konsultant-45558222.html;34000;45000;Super Job
Менеджер по продажам (топливный проект);МОНОПОЛИЯ;https://naberezhnye-chelny.superjob.ru/vakansii/menedzher-po-prodazham-45873224.html;130000;0;Super Job
Менеджер по продажам транспортно-экспедиционных услуг;Кадровое агентство уникальных специалистов;https://www.superjob.ru/vakansii/menedzher-po-prodazham-transportno-ekspedicionnyh-uslug-46092271.html;90000;0;Super Job
Мерчендайзер;Никон;https://www.superjob.ru/vakansii/merchendajzer-46138456.html;1000;0;Super Job
Электромонтер на месторождении (УЭЦН);Engine;https://bashkortostan-yazykovo.superjob.ru/vakansii/elektromonter-na-mestorozhdenii-46162378.html;110000;140000;Super Job
Товаровед;Магнит, Розничная сеть;https://anapa.superjob.ru/vakansii/tovaroved-46226317.html;37200;45100;Super Job
Менеджер по работе с недвижимостью;ИНКОМ - Недвижимость;https://www.superjob.ru/vakansii/menedzher-po-rabote-s-nedvizhimostyu-28693755.html;150000;0;Super Job
Продавец-консультант;ВкусВилл;https://www.superjob.ru/vakansii/prodavec-konsultant-44594448.html;60000;70000;Super Job
Продавец-консультант;Билайн;https://www.superjob.ru/vakansii/prodavec-konsultant-44003692.html;50000;70000;Super Job
Продавец производства (ул. Ореховская);ООО «Лента»;https://nn.superjob.ru/vakansii/prodavec-proizvodstva-46292305.html;23000;31000;Super Job
Специалист по работе с клиентами (входящий трафик);Винцарь Тех;https://api.hh.ru/vacancies/79651926?host=hh.ru;800;0;Head Hunter
Администратор салона красоты (удаленно);Laser beauty KZ ( Лазер бьюти КЗ);https://api.hh.ru/vacancies/79397609?host=hh.ru;60000;0;Head Hunter
Trainee/Junior Javascript developer;ТаргСофт;https://api.hh.ru/vacancies/79951207?host=hh.ru;0;0;Head Hunter
Продавец;Шевченко Максим Евгеньевич;https://api.hh.ru/vacancies/79940109?host=hh.ru;150000;300000;Head Hunter
Бухгалтер;TNK INVESTMENT GROUP;https://api.hh.ru/vacancies/79337192?host=hh.ru;250000;300000;Head Hunter
Модель;Другай А. Г.;https://api.hh.ru/vacancies/79259206?host=hh.ru;30;30;Head Hunter
Личный водитель;АТЕН;https://api.hh.ru/vacancies/79938805?host=hh.ru;1200;0;Head Hunter
Продавец - консультант в магазин Calzedonia (ТРЦ Планета);Calzedonia and Intimissimi;https://api.hh.ru/vacancies/78864390?host=hh.ru;40000;50000;Head Hunter
Менеджер по продажам;Евроспецстрой сервис;https://api.hh.ru/vacancies/78997099?host=hh.ru;800;1500;Head Hunter
Бухгалтер;Торговый дом автоклавного газоблока №1;https://api.hh.ru/vacancies/79405131?host=hh.ru;0;0;Head Hunter
Водитель категории B;Кристория;https://api.hh.ru/vacancies/79935059?host=hh.ru;1500;2000;Head Hunter
Личный водитель;Представительство Delfield Baltia;https://api.hh.ru/vacancies/79905343?host=hh.ru;4000000;0;Head Hunter
Охранник в частный дом;ЧОП Закон и Порядок;https://api.hh.ru/vacancies/79042796?host=hh.ru;120000;125000;Head Hunter
Front-End Developer (React JS);Аймоби Аппс;https://api.hh.ru/vacancies/79896315?host=hh.ru;2000;0;Head Hunter
Авиакассир;TURON EXPRESS;https://api.hh.ru/vacancies/78972062?host=hh.ru;5000000;10000000;Head Hunter
Менеджер по продажам;SPARE PARTS IMPORT;https://api.hh.ru/vacancies/79160703?host=hh.ru;4000000;9000000;Head Hunter
HR менеджер;Ne Prosto Production;https://api.hh.ru/vacancies/79028811?host=hh.ru;300000;500000;Head Hunter
Помощник Ритуального Агента / Ритуальный Агент;Специализированная ритуальная служба;https://api.hh.ru/vacancies/78952292?host=hh.ru;75000;0;Head Hunter
Личный водитель;Kaz Munay Onymderi;https://api.hh.ru/vacancies/79718283?host=hh.ru;300000;0;Head Hunter
Курьер на сто;Пузик Ю. В.;https://api.hh.ru/vacancies/79948239?host=hh.ru;1300;1300;Head Hunter
Продавец-кассир (Сочи, Летняя, 11);Пятёрочка;https://sochi.superjob.ru/vakansii/prodavec-kassir-34731120.html;46260;52442;Super Job
Клиентский менеджер (прямых продаж);Сбербанк России;https://kirovsk-spb.superjob.ru/vakansii/klientskij-menedzher-45823855.html;60000;0;Super Job
Врач-невролог;ГБУЗ ЛО «Сертоловская городская больница»;https://sertolovo.superjob.ru/vakansii/vrach-nevrolog-38723989.html;0;0;Super Job
Менеджер по кредитованию;«Почта Банк»;https://staraya-russa.superjob.ru/vakansii/menedzher-po-kreditovaniyu-39914942.html;25000;0;Super Job
Автослесарь по ремонту грузовых автомобилей / автомеханик;Северная столица;https://spb.superjob.ru/vakansii/avtoslesar-po-remontu-gruzovyh-avtomobilej-32540017.html;80000;90000;Super Job
Оператор по продаже банковских продуктов;Тинькофф;https://mezhdurechensk.superjob.ru/vakansii/operator-po-prodazhe-bankovskih-produktov-39482212.html;30000;0;Super Job
Курьер ежедневная оплата;Яндекс;https://kemerovo.superjob.ru/vakansii/kurer-ezhednevnaya-oplata-41539266.html;0;75000;Super Job
Сборщик заказов;Яндекс;https://rnd.superjob.ru/vakansii/sborschik-zakazov-44822661.html;32800;0;Super Job
Почтальон;Почта России;https://mo.superjob.ru/vakansii/pochtalon-37758869.html;14400;17280;Super Job
Геодезист;СИБИТЕК;https://korolev.superjob.ru/vakansii/geodezist-45121029.html;100000;150000;Super Job
Продавец-консультант;МТС Розничная сеть;https://essentuki.superjob.ru/vakansii/prodavec-konsultant-45558222.html;34000;45000;Super Job
Менеджер по продажам (топливный проект);МОНОПОЛИЯ;https://naberezhnye-chelny.superjob.ru/vakansii/menedzher-po-prodazham-45873224.html;130000;0;Super Job
Менеджер по продажам транспортно-экспедиционных услуг;Кадровое агентство уникальных специалистов;https://www.superjob.ru/vakansii/menedzher-po-prodazham-transportno-ekspedicionnyh-uslug-46092271.html;90000;0;Super Job
Мерчендайзер;Никон;https://www.superjob.ru/vakansii/merchendajzer-46138456.html;1000;0;Super Job
Электромонтер на месторождении (УЭЦН);Engine;https://bashkortostan-yazykovo.superjob.ru/vakansii/elektromonter-na-mestorozhdenii-46162378.html;110000;140000;Super Job
Товаровед;Магнит, Розничная сеть;https://anapa.superjob.ru/vakansii/tovaroved-46226317.html;37200;45100;Super Job
Менеджер по работе с недвижимостью;ИНКОМ - Недвижимость;https://www.superjob.ru/vakansii/menedzher-po-rabote-s-nedvizhimostyu-28693755.html;150000;0;Super Job
Продавец-консультант;ВкусВилл;https://www.superjob.ru/vakansii/prodavec-konsultant-44594448.html;60000;70000;Super Job
Продавец-консультант;Билайн;https://www.superjob.ru/vakansii/prodavec-konsultant-44003692.html;50000;70000;Super Job
Продавец производства (ул. Ореховская);ООО «Лента»;https://nn.superjob.ru/vakansii/prodavec-proizvodstva-46292305.html;23000;31000;Super Job
Специалист по работе с клиентами (входящий трафик);Винцарь Тех;https://api.hh.ru/vacancies/79651926?host=hh.ru;800;0;Head Hunter
Администратор салона красоты (удаленно);Laser beauty KZ ( Лазер бьюти КЗ);https://api.hh.ru/vacancies/79397609?host=hh.ru;60000;0;Head Hunter
Trainee/Junior Javascript developer;ТаргСофт;https://api.hh.ru/vacancies/79951207?host=hh.ru;0;0;Head Hunter
Продавец;Шевченко Максим Евгеньевич;https://api.hh.ru/vacancies/79940109?host=hh.ru;150000;300000;Head Hunter
Бухгалтер;TNK INVESTMENT GROUP;https://api.hh.ru/vacancies/79337192?host=hh.ru;250000;300000;Head Hunter
Модель;Другай А. Г.;https://api.hh.ru/vacancies/79259206?host=hh.ru;30;30;Head Hunter
Личный водитель;АТЕН;https://api.hh.ru/vacancies/79938805?host=hh.ru;1200;0;Head Hunter
Продавец - консультант в магазин Calzedonia (ТРЦ Планета);Calzedonia and Intimissimi;https://api.hh.ru/vacancies/78864390?host=hh.ru;40000;50000;Head Hunter
Менеджер по продажам;Евроспецстрой сервис;https://api.hh.ru/vacancies/78997099?host=hh.ru;800;1500;Head Hunter
Бухгалтер;Торговый дом автоклавного газоблока №1;https://api.hh.ru/vacancies/79405131?host=hh.ru;0;0;Head Hunter
Водитель категории B;Кристория;https://api.hh.ru/vacancies/79935059?host=hh.ru;1500;2000;Head Hunter
Личный водитель;Представительство Delfield Baltia;https://api.hh.ru/vacancies/79905343?host=hh.ru;4000000;0;Head Hunter
Охранник в частный дом;ЧОП Закон и Порядок;https://api.hh.ru/vacancies/79042796?host=hh.ru;120000;125000;Head Hunter
Front-End Developer (React JS);Аймоби Аппс;https://api.hh.ru/vacancies/79896315?host=hh.ru;2000;0;Head Hunter
Авиакассир;TURON EXPRESS;https://api.hh.ru/vacancies/78972062?host=hh.ru;5000000;10000000;Head Hunter
Менеджер по продажам;SPARE PARTS IMPORT;https://api.hh.ru/vacancies/79160703?host=hh.ru;4000000;9000000;Head Hunter
HR менеджер;Ne Prosto Production;https://api.hh.ru/vacancies/79028811?host=hh.ru;300000;500000;Head Hunter
Помощник Ритуального Агента / Ритуальный Агент;Специализированная ритуальная служба;https://api.hh.ru/vacancies/78952292?host=hh.ru;75000;0;Head Hunter
Личный водитель;Kaz Munay Onymderi;https://api.hh.ru/vacancies/79718283?host=hh.ru;300000;0;Head Hunter
Курьер на сто;Пузик Ю. В.;https://api.hh.ru/vacancies/79948239?host=hh.ru;1300;1300;Head Hunter
